iter	RMSE	RMSEWithUncertainty
0	4.406294733	2.899143434
1	4.345541657	2.883162077
2	4.286803384	2.867470281
3	4.230289759	2.852934642
4	4.175584372	2.839099433
5	4.122994381	2.825909549
6	4.072006689	2.811837218
7	4.025754502	2.796122319
8	3.980657191	2.781622858
9	3.933459107	2.76983196
10	3.889044711	2.7582585
11	3.837776575	2.735014368
12	3.797260969	2.722701302
13	3.753788507	2.710745458
14	3.705991505	2.692864486
15	3.666187729	2.68271317
16	3.622196222	2.665155696
17	3.579059162	2.647933498
18	3.536741015	2.631836689
19	3.500634557	2.62153273
20	3.46134762	2.606029879
21	3.423876551	2.59029529
22	3.387565131	2.574243482
23	3.355176562	2.564763858
24	3.320699859	2.551013187
25	3.291331282	2.542528061
26	3.257305101	2.528420328
27	3.225530352	2.515892368
28	3.194041167	2.501089272
29	3.166392439	2.49277294
30	3.13737695	2.482481259
31	3.108577761	2.469891754
32	3.080427603	2.458230991
33	3.05415949	2.447072888
34	3.029548918	2.439150792
35	3.004876639	2.428485322
36	2.980157993	2.419199235
37	2.956832291	2.410070737
38	2.933545599	2.400974518
39	2.912596739	2.393911392
40	2.891856701	2.387272909
41	2.870414301	2.378491361
42	2.850416781	2.369308378
43	2.830242933	2.361869048
44	2.810933172	2.354601454
45	2.792586482	2.348906301
46	2.772159117	2.340391069
47	2.754102577	2.333746931
48	2.736372511	2.326378273
49	2.717950347	2.319006386
50	2.701314813	2.313753979
51	2.684084171	2.306885441
52	2.668438736	2.301161696
53	2.653201528	2.29622065
54	2.638646621	2.290032951
55	2.623978621	2.285019385
56	2.608848062	2.279292632
57	2.595338599	2.275086611
58	2.581610447	2.270610884
59	2.567610608	2.264894227
60	2.554364723	2.259664689
61	2.541589329	2.255883835
62	2.529420762	2.252062094
63	2.517134401	2.247589342
64	2.505253467	2.243784342
65	2.493586679	2.239108522
66	2.482847209	2.235920578
67	2.471928551	2.23220127
68	2.461288266	2.228758513
69	2.450871655	2.225055443
70	2.440997863	2.222154743
71	2.431040398	2.218309654
72	2.421342922	2.215577547
73	2.412173507	2.212233511
74	2.402898826	2.208615164
75	2.393886423	2.205376895
76	2.385112807	2.202797042
77	2.376672304	2.20036096
78	2.368395174	2.198270891
79	2.360639992	2.195807423
80	2.352846383	2.193491134
81	2.345147137	2.190557996
82	2.337311462	2.187783703
83	2.329825348	2.185606422
84	2.322790528	2.183550373
85	2.315397048	2.180684965
86	2.308567758	2.179286667
87	2.301786208	2.177557587
88	2.294933383	2.174991877
89	2.288614749	2.172392149
90	2.28225471	2.170519694
91	2.276213041	2.168787341
92	2.269888877	2.166880003
93	2.263640428	2.164858609
94	2.257484224	2.162261074
95	2.251895555	2.16070646
96	2.246194098	2.158672015
97	2.240855417	2.157446111
98	2.235587833	2.155914774
99	2.230274233	2.154024823
100	2.224975001	2.152398422
101	2.219856817	2.151499713
102	2.214884552	2.149945836
103	2.210117799	2.148611489
104	2.205558318	2.146769651
105	2.200837689	2.145184419
106	2.196226202	2.144334742
107	2.191882022	2.143395302
108	2.187251064	2.141946527
109	2.182973186	2.140544871
110	2.178958725	2.139543834
111	2.174837461	2.138761464
112	2.170541648	2.136892775
113	2.166846494	2.135953333
114	2.163120903	2.135115912
115	2.159496586	2.134182
116	2.155867357	2.13322567
117	2.152063588	2.131612898
118	2.148320279	2.130199625
119	2.144725603	2.129087544
120	2.141417348	2.128007544
121	2.138190166	2.126791072
122	2.135075698	2.126213062
123	2.131980671	2.124852104
124	2.129021836	2.124237214
125	2.126037191	2.122585558
126	2.122598743	2.121494959
127	2.11974263	2.120421239
128	2.117121902	2.11993056
129	2.114142451	2.118366884
130	2.11099424	2.117838285
131	2.108189723	2.116636212
132	2.105186277	2.115085186
133	2.102527354	2.113854199
134	2.10002372	2.113068706
135	2.097375921	2.111836388
136	2.094903325	2.110887306
137	2.092096166	2.110500749
138	2.089703731	2.109888326
139	2.08731527	2.108769322
140	2.084691658	2.107104095
141	2.082405603	2.106271185
142	2.080182326	2.105874678
143	2.077979154	2.104657078
144	2.075957116	2.103584212
145	2.073935578	2.103229864
146	2.071457183	2.102810618
147	2.069304369	2.101904828
148	2.066992262	2.100561269
149	2.064775503	2.099177236
150	2.062754969	2.098314604
151	2.060834478	2.097924086
152	2.058903536	2.097608232
153	2.056949275	2.096937489
154	2.055029726	2.096127426
155	2.053051177	2.094851344
156	2.051073342	2.09403143
157	2.049361381	2.093195566
158	2.047537252	2.092933075
159	2.045561743	2.091744109
160	2.043921218	2.091393989
161	2.041937381	2.090106202
162	2.040249188	2.089616503
163	2.038583117	2.088766697
164	2.036556264	2.087642284
165	2.034901453	2.087022539
166	2.032961363	2.085946844
167	2.031382002	2.085546775
168	2.029853608	2.085021488
169	2.028078036	2.084542148
170	2.026271977	2.083557221
171	2.02472354	2.082692873
172	2.023232503	2.08225125
173	2.02151805	2.081647485
174	2.020179972	2.081155236
175	2.01832375	2.080797013
176	2.016925005	2.080106913
177	2.01541471	2.079535906
178	2.013988008	2.07890733
179	2.012560831	2.0784338
180	2.011201952	2.077931743
181	2.009484096	2.077703718
182	2.007959417	2.077171678
183	2.006577962	2.076698615
184	2.005311629	2.076327208
185	2.003997561	2.075609125
186	2.002659664	2.075221881
187	2.00161582	2.074748216
188	2.000274351	2.074291574
189	1.998954312	2.073795857
190	1.997345268	2.072819136
191	1.996146335	2.072670204
192	1.994485554	2.071704238
193	1.99312798	2.071275217
194	1.991801516	2.07034953
195	1.990658026	2.069947651
196	1.989538975	2.069654707
197	1.988322639	2.069170771
198	1.98704924	2.068994477
199	1.985597679	2.068125363
